year,source,total_pop,asian_pop,city,tract_geoid
2010,acs5,4694,1516,Boston,25025070101
2011,acs5,5174,1593,Boston,25025070101
2012,acs5,5494,1182,Boston,25025070101
2013,acs5,5597,1510,Boston,25025070101
2014,acs5,5499,1210,Boston,25025070101
2015,acs5,5668,1301,Boston,25025070101
2016,acs5,6212,1901,Boston,25025070101
2017,acs5,6496,1842,Boston,25025070101
2018,acs5,7075,2447,Boston,25025070101
2019,acs5,7409,2364,Boston,25025070101
2020,acs5,3727,2638,Boston,25025070202
2021,acs5,3626,2531,Boston,25025070202
2022,acs5,4233,2413,Boston,25025070202
2023,acs5,4136,2419,Boston,25025070202
2010,acs5,6939,5192,New York,36061002900
2011,acs5,6839,5051,New York,36061002900
2012,acs5,6385,4649,New York,36061002900
2013,acs5,5855,4127,New York,36061002900
2014,acs5,5841,4118,New York,36061002900
2015,acs5,6050,4014,New York,36061002900
2016,acs5,6110,3799,New York,36061002900
2017,acs5,6869,4793,New York,36061002900
2018,acs5,6365,4147,New York,36061002900
2019,acs5,5924,3489,New York,36061002900
2020,acs5,4151,3451,New York,36061002902
2021,acs5,4197,3472,New York,36061002902
2022,acs5,3885,3160,New York,36061002902
2023,acs5,3832,3204,New York,36061002902
2010,acs5,1919,1519,Philadelphia,42101000200
2011,acs5,1897,1443,Philadelphia,42101000200
2012,acs5,2009,1231,Philadelphia,42101000200
2013,acs5,2215,1420,Philadelphia,42101000200
2014,acs5,2285,1277,Philadelphia,42101000200
2015,acs5,2331,1183,Philadelphia,42101000200
2016,acs5,2563,1389,Philadelphia,42101000200
2017,acs5,2683,1626,Philadelphia,42101000200
2018,acs5,2576,1546,Philadelphia,42101000200
2019,acs5,2860,1865,Philadelphia,42101000200
2020,acs5,3175,1898,Philadelphia,42101000200
2021,acs5,3414,1888,Philadelphia,42101000200
2022,acs5,3486,1724,Philadelphia,42101000200
2023,acs5,3259,1392,Philadelphia,42101000200
2010,acs5,2675,582,Washington DC,11001005800
2011,acs5,2784,571,Washington DC,11001005800
2012,acs5,2678,562,Washington DC,11001005800
2013,acs5,2664,530,Washington DC,11001005800
2014,acs5,2697,594,Washington DC,11001005800
2015,acs5,2781,633,Washington DC,11001005800
2016,acs5,2769,557,Washington DC,11001005800
2017,acs5,3039,605,Washington DC,11001005800
2018,acs5,3395,563,Washington DC,11001005800
2019,acs5,3656,622,Washington DC,11001005800
2020,acs5,1799,167,Washington DC,11001005802
2021,acs5,1936,258,Washington DC,11001005802
2022,acs5,2027,290,Washington DC,11001005802
2023,acs5,1936,227,Washington DC,11001005802
2010,acs5,2318,472,Cleveland,39035107802
2011,acs5,2752,476,Cleveland,39035107802
2012,acs5,2830,462,Cleveland,39035107802
2013,acs5,3337,609,Cleveland,39035107802
2014,acs5,3738,586,Cleveland,39035107802
2015,acs5,4344,657,Cleveland,39035107802
2016,acs5,4342,744,Cleveland,39035107802
2017,acs5,4325,622,Cleveland,39035107802
2018,acs5,4108,667,Cleveland,39035107802
2019,acs5,3969,827,Cleveland,39035107802
2020,acs5,3855,825,Cleveland,39035107802
2021,acs5,3935,929,Cleveland,39035107802
2022,acs5,3849,825,Cleveland,39035107802
2023,acs5,4352,1149,Cleveland,39035107802
2010,acs5,6970,5926,Chicago,17031841100
2011,acs5,7279,6192,Chicago,17031841100
2012,acs5,7011,5953,Chicago,17031841100
2013,acs5,7536,6609,Chicago,17031841100
2014,acs5,7622,6691,Chicago,17031841100
2015,acs5,7673,6762,Chicago,17031841100
2016,acs5,7308,6554,Chicago,17031841100
2017,acs5,6821,6128,Chicago,17031841100
2018,acs5,7072,6269,Chicago,17031841100
2019,acs5,7142,6166,Chicago,17031841100
2020,acs5,7165,6084,Chicago,17031841100
2021,acs5,7065,6050,Chicago,17031841100
2022,acs5,6990,5661,Chicago,17031841100
2023,acs5,7661,6441,Chicago,17031841100
2010,acs5,2319,1670,Seattle,53033009100
2011,acs5,2416,1530,Seattle,53033009100
2012,acs5,2744,1590,Seattle,53033009100
2013,acs5,2569,1366,Seattle,53033009100
2014,acs5,2526,1295,Seattle,53033009100
2015,acs5,2693,1465,Seattle,53033009100
2016,acs5,2766,1466,Seattle,53033009100
2017,acs5,2420,1381,Seattle,53033009100
2018,acs5,2464,1525,Seattle,53033009100
2019,acs5,2637,1636,Seattle,53033009100
2020,acs5,2813,1787,Seattle,53033009100
2021,acs5,2707,1636,Seattle,53033009100
2022,acs5,2762,1591,Seattle,53033009100
2023,acs5,3173,1859,Seattle,53033009100
2010,acs5,6042,202,Portland,41051005100
2011,acs5,6541,296,Portland,41051005100
2012,acs5,6810,392,Portland,41051005100
2013,acs5,7352,487,Portland,41051005100
2014,acs5,7610,308,Portland,41051005100
2015,acs5,7393,274,Portland,41051005100
2016,acs5,7444,321,Portland,41051005100
2017,acs5,7948,264,Portland,41051005100
2018,acs5,8148,434,Portland,41051005100
2019,acs5,8816,524,Portland,41051005100
2020,acs5,2805,126,Portland,41051005103
2021,acs5,2302,89,Portland,41051005103
2022,acs5,2885,134,Portland,41051005103
2023,acs5,3329,141,Portland,41051005103
2010,acs5,2434,2096,Oakland,06001403000
2011,acs5,2267,1830,Oakland,06001403000
2012,acs5,2265,1929,Oakland,06001403000
2013,acs5,2368,2023,Oakland,06001403000
2014,acs5,2471,2026,Oakland,06001403000
2015,acs5,2704,2303,Oakland,06001403000
2016,acs5,3167,2607,Oakland,06001403000
2017,acs5,3251,2701,Oakland,06001403000
2018,acs5,2969,2424,Oakland,06001403000
2019,acs5,2905,2366,Oakland,06001403000
2020,acs5,2850,2182,Oakland,06001403000
2021,acs5,2907,2373,Oakland,06001403000
2022,acs5,2897,2222,Oakland,06001403000
2023,acs5,3125,2229,Oakland,06001403000
2010,acs5,3507,3163,San Francisco,06075011300
2011,acs5,3331,2817,San Francisco,06075011300
2012,acs5,3267,2663,San Francisco,06075011300
2013,acs5,3204,2494,San Francisco,06075011300
2014,acs5,3058,2244,San Francisco,06075011300
2015,acs5,2885,2110,San Francisco,06075011300
2016,acs5,3061,2228,San Francisco,06075011300
2017,acs5,2907,2147,San Francisco,06075011300
2018,acs5,3046,2336,San Francisco,06075011300
2019,acs5,2843,2231,San Francisco,06075011300
2020,acs5,2920,2222,San Francisco,06075011300
2021,acs5,2801,2224,San Francisco,06075011300
2022,acs5,2862,2218,San Francisco,06075011300
2023,acs5,2518,1797,San Francisco,06075011300
2010,acs5,3516,116,Fresno,06019000300
2011,acs5,3641,159,Fresno,06019000300
2012,acs5,3721,120,Fresno,06019000300
2013,acs5,3506,214,Fresno,06019000300
2014,acs5,3640,236,Fresno,06019000300
2015,acs5,3238,185,Fresno,06019000300
2016,acs5,3270,203,Fresno,06019000300
2017,acs5,3716,179,Fresno,06019000300
2018,acs5,3936,131,Fresno,06019000300
2019,acs5,4225,104,Fresno,06019000300
2020,acs5,4927,95,Fresno,06019000300
2021,acs5,4276,48,Fresno,06019000300
2022,acs5,3906,117,Fresno,06019000300
2023,acs5,3941,270,Fresno,06019000300
2010,acs5,2346,1746,Los Angeles,06037207102
2011,acs5,2276,1760,Los Angeles,06037207102
2012,acs5,2268,1782,Los Angeles,06037207102
2013,acs5,2295,1925,Los Angeles,06037207102
2014,acs5,2350,1992,Los Angeles,06037207102
2015,acs5,2239,1791,Los Angeles,06037207102
2016,acs5,2366,1727,Los Angeles,06037207102
2017,acs5,2573,1792,Los Angeles,06037207102
2018,acs5,2866,1810,Los Angeles,06037207102
2019,acs5,2926,1695,Los Angeles,06037207102
2020,acs5,3181,1958,Los Angeles,06037207102
2021,acs5,3103,1770,Los Angeles,06037207102
2022,acs5,3198,1870,Los Angeles,06037207102
2023,acs5,3340,1782,Los Angeles,06037207102
